B_DENV_infected,A_DENV_infected,B_ZIKV_infected,A_ZIKV_infected,B_uninfected,A_uninfected
ENSG00000006327,1.3238181185402071,1.9518493411532498,0.3238181185402076,0.6717414219605136,-2.13561350009709,-2.13561350009709
ENSG00000006652,0.7809265480720682,0.2954997209018271,1.2214991394580497,0.4330032446517622,-0.7045002790981734,-2.0264283739855355
ENSG00000007062,1.2492416223783374,0.37477250446219657,-1.21018999625896,-0.8882619013715978,0.87727284499138,-0.4028350742013558
ENSG00000011243,0.8079994844258254,0.39296198514698144,1.1299275793131875,0.22303698370466885,-0.7769630162953312,-1.7769630162953312
ENSG00000013441,0.7041622971998711,-0.36622703069152696,1.7041622971998711,0.012284592562202601,-0.36622703069152696,-1.6881551255788896
ENSG00000031698,0.9513637975199414,0.14400887546233765,1.5132426851280565,-0.04863620248005862,-0.4409536252588193,-2.119025530371457
ENSG00000034152,0.6821849007319136,0.2671474014530699,0.6821849007319136,1.0041129956192758,-1.3178150992680864,-1.3178150992680864
ENSG00000041515,0.9025062498798073,0.9025062498798073,0.4874687506009636,-0.09749375012019268,-1.0974937501201927,-1.0974937501201927
ENSG00000044574,1.8608258927877195,1.3850924618213218,-0.36698002473509295,0.028948651596046204,-0.6149075381786782,-2.292979443291316
ENSG00000050820,0.16225463143980123,0.7472171321609578,1.036723749355943,0.8992202256060078,-1.4227078692813548,-1.4227078692813548
ENSG00000051108,1.4124078518956789,0.7685516621209545,0.22798328075825225,0.4689913802620467,-0.6464858371578894,-2.2314483378790455
ENSG00000056487,0.8684278309899431,0.6053934251561492,1.0908202523263912,-0.13157216901005664,-0.7165346697312129,-1.716534669731213
ENSG00000059804,0.7511599981199804,-0.2488400018800192,0.8291625101212534,0.7511599981199804,-0.2488400018800192,-1.8338025026011755
ENSG00000060138,0.4808542411157579,0.9783539005865749,1.0938311180065106,0.8528230185027152,-0.7992536780769779,-2.606608600134582
ENSG00000065000,0.8330342937257442,0.3855753167545233,0.8330342937257442,0.09606869955953812,-0.07385630188277448,-2.0738563018827745
ENSG00000071553,0.05714232229031779,0.5425691494605598,0.7352142274029556,1.1946458460402534,-1.2647857725970444,-1.2647857725970444
ENSG00000072110,0.594816927708615,0.594816927708615,0.594816927708615,1.0309160425152881,-0.9076834128205689,-1.9076834128205686
ENSG00000074590,-0.10623832010254874,-0.10623832010254874,1.4787241806186076,1.1161541012338991,-0.691200820823705,-1.691200820823705
ENSG00000078177,1.2513578172783877,-0.7486421827216123,-0.16367968200045602,-0.7486421827216123,0.5732859121657499,-0.16367968200045602
ENSG00000078808,0.7638187625867281,0.11174206600703451,0.8893496446705869,0.30438714394943034,-0.3736847611632075,-1.6956128560505697
ENSG00000081479,0.5566416671474377,-0.028320833573718618,-0.028320833573718618,-1.0283208335737186,0.5566416671474377,-0.028320833573718618
ENSG00000087074,1.2429395634986267,0.9210114686112645,1.6579770627774706,0.5059739693324206,-1.663951032109892,-2.663951032109892
ENSG00000087086,1.1416486484883732,0.9914060129077615,0.9006405489845788,0.3062793502611729,-0.9738285689315624,-2.366145991710323
ENSG00000088826,0.5800595762486407,0.5800595762486407,1.0654864034188827,0.2581314813612785,-0.7418685186387215,-1.7418685186387215
ENSG00000090520,1.1524824094539183,0.07447989745264572,1.1524824094539183,0.48951739673148964,-0.7735170091023047,-2.095445103989667
ENSG00000090861,1.2449556695940212,0.437600747536417,0.8526382468152605,0.17456634170262308,-0.5623992524635835,-2.1473617531847395
ENSG00000094916,0.8705843402745268,-1.129415659725474,-0.12941565972547364,-0.39245006555926754,1.49507520518232,-0.7143781604466302
ENSG00000099194,0.5434055614668427,-0.7520503220593291,1.417874679382983,1.1104461541907353,-0.567625750921902,-1.7520503220593286
ENSG00000099860,0.544224094420166,0.544224094420166,1.922735717673896,0.544224094420166,-1.7777040004671962,-1.7777040004671962
ENSG00000099917,-0.2715594366799352,1.1878721819573625,0.7284405633200648,0.8983655647623774,-1.2715594366799352,-1.2715594366799352
ENSG00000100596,-0.09749375012019268,-0.09749375012019268,-0.09749375012019268,-0.09749375012019268,-0.09749375012019268,0.4874687506009636
ENSG00000101210,0.3100744251748795,0.43560530725873825,1.310074425174879,0.6579977285951855,-0.5643946927412622,-2.1493571934624183
ENSG00000101255,1.4848667927159536,1.8633784159696831,0.16293869782859094,0.16293869782859094,-1.837061302171409,-1.837061302171409
ENSG00000101294,0.9279226617811207,0.31125130133262635,1.2623417008516804,0.10480042386519983,-0.5956392942758924,-2.010676793554736
ENSG00000101384,0.7267497682001447,-0.03878497816283266,0.8092119283921169,0.6392869269498047,-0.3607130730501953,-1.775750572329039
ENSG00000103257,0.6862978963511897,0.9493323021849835,0.6862978963511897,0.9493323021849835,-1.6356301985361725,-1.6356301985361725
ENSG00000103512,1.2871781147642625,-0.21532222576492144,1.1997152735139225,0.007070195571526661,-0.47835663159871533,-1.8002847264860775
ENSG00000104267,-0.06917291654647406,-0.06917291654647406,1.5157895841746822,-0.06917291654647406,-0.6541354172676304,-0.6541354172676304
ENSG00000104290,1.0095752858132765,0.4950021129835176,0.38808690906700605,-1.3123528090740861,0.14707880956321162,-0.7273903083529301
ENSG00000104980,0.5563703170380023,0.7262953184803149,1.7262953184803145,-0.12170158807463549,-1.4436296829619977,-1.4436296829619977
ENSG00000106665,0.9336810879546675,0.040596291871179524,0.9336810879546675,1.040596291871179,-1.1817961294652684,-1.7667586301864247
ENSG00000107554,0.6609640474436811,0.6609640474436811,0.6609640474436811,0.3390359525563189,-0.6609640474436811,-1.660964047443681
ENSG00000108175,0.336320317999544,-0.24864218272161231,0.336320317999544,1.0732859121657499,-0.24864218272161231,-1.2486421827216123
ENSG00000108984,1.3333333333333335,-0.6666666666666666,-0.6666666666666666,-0.6666666666666666,0.33333333333333337,0.33333333333333337
ENSG00000109111,0.8120575139519413,-0.35786748749037134,1.2270950132307852,0.44948743456723284,-0.772904986769215,-1.3578674874903713
ENSG00000110619,0.7367806770699974,0.8242435183203374,1.3217431777911544,0.3217431777911539,-0.9412912280426404,-2.2632193229300026
ENSG00000111252,0.06917291654647395,0.6541354172676302,0.06917291654647395,1.0691729165464738,-0.930827083453526,-0.930827083453526
ENSG00000112118,1.1074095312515435,-0.6999453908060607,-0.6999453908060607,-0.6999453908060607,1.1074095312515435,-0.11498289008490437
ENSG00000112182,0.44634531751877304,0.44634531751877304,0.7682734124061352,0.44634531751877304,-0.553654682481227,-1.553654682481227
ENSG00000112245,0.12105880762803434,0.9124721858166165,1.3748153998738175,0.4650132088453951,-0.8789411923719661,-1.9944184097919022
ENSG00000112715,1.150806778401288,0.4987300818215945,1.2763376604851469,0.6913751597639903,-1.3086248402360097,-2.3086248402360097
ENSG00000113013,0.8335786392522069,0.21690727880371252,1.064904185358663,0.06490418535866294,-0.2976658940260455,-1.882628394747202
ENSG00000115677,0.9616972183006505,-0.3158367572282579,1.2096247317442366,-0.11230336314312606,0.032086546192049425,-1.7752683758655547
ENSG00000116584,1.6184001017282452,0.8110451796706415,0.8699388687242089,-0.07347760290942329,-0.45198922616315285,-2.7739173210505155
ENSG00000116717,0.7075035652968222,1.526931319655001,1.3204804421875749,0.6200407240464823,-1.7949967752323615,-2.3799592759535177
ENSG00000116786,0.36544084632373264,0.36544084632373264,1.1727957683813368,0.36544084632373264,-0.6345591536762674,-1.6345591536762674
ENSG00000117461,-0.02832083357371884,-0.44335833285256254,0.5566416671474372,-1.0283208335737188,0.9716791664262812,-0.02832083357371884
ENSG00000119820,0.5858623617607157,0.5858623617607157,0.10043553459047372,-1.2214925602968885,0.5858623617607157,-0.6365300595757322
ENSG00000119922,0.975792162045557,1.8237890686005074,0.23882656787935108,-0.3461359328418052,-1.3461359328418052,-1.3461359328418052
ENSG00000124575,1.7173721611838584,-0.9510063477249355,-0.7583612697825393,-2.173398769061383,1.9695591847806595,0.19583504060433654
ENSG00000124635,1.6836227076789845,-1.305061979093182,-0.5501744769297128,-2.305061979093182,1.9237567114026985,0.55291901603439
ENSG00000128564,1.4075681752950722,1.4075681752950722,0.5330990573789305,0.7554914787153786,-2.0518634433422256,-2.0518634433422256
ENSG00000128590,0.6326432138699625,0.6326432138699625,1.2176057145911185,0.31071511898259985,-1.1043223802962439,-1.6892848810174002
ENSG00000128606,0.05459577633808421,-0.9454042236619158,0.05459577633808421,-0.9454042236619158,2.1420586175884244,-0.3604417229407595
ENSG00000128683,1.2033904160226099,0.3289212981064682,1.0658868922726747,0.3289212981064682,-0.6710787018935316,-2.256041202614688
ENSG00000129128,1.242613247296032,-0.5349943313675207,-0.3423492534251249,-1.0204211585377627,0.8275757480171873,-0.1724242519828123
ENSG00000129317,1.1707796622859425,-0.15114843260141964,-0.15114843260141964,-1.1511484326014196,0.43381406811973666,-0.15114843260141964
ENSG00000130254,0.44507539934036755,-0.04035142782987444,1.0971520959200611,0.22268297800391945,-0.3622795227172366,-1.3622795227172366
ENSG00000130294,0.5604283465641182,0.1453908472852743,0.9754658458429617,0.5604283465641182,-0.21717923209943413,-2.0245341541570383
ENSG00000130513,1.311141601474285,1.5037866794166808,0.08874918013783706,0.08874918013783706,-1.4962133205833192,-1.4962133205833192
ENSG00000130702,0.027695477763534093,0.027695477763534093,0.9021645956796758,0.2500878990999822,-0.2353389280702598,-0.9723045222364657
ENSG00000131018,1.3535054457509128,1.3535054457509128,0.5879706993879354,-0.412029300612065,-1.1489948947782709,-1.7339573954994272
ENSG00000131069,0.00010016628908937619,-0.4853266608811526,0.7777077449526417,1.000100166289089,-0.4853266608811526,-0.8072547557685148
ENSG00000131473,0.06309368948360605,-0.6373460286574861,1.4501168125928539,0.7549713941212746,-0.3154179337701235,-1.315417933770124
ENSG00000132613,0.27836727696321617,0.9788069951043084,0.7377988956005139,0.44829227840552877,-0.7216327230367838,-1.7216327230367838
ENSG00000133794,1.0762728968319601,0.33930730266575404,1.0762728968319601,0.16938230122344144,-0.8306176987765586,-1.8306176987765586
ENSG00000134107,0.7146187299249083,0.3926906350375461,0.7146187299249083,0.3926906350375461,-0.6073093649624539,-1.607309364962454
ENSG00000134531,-0.02248536439630744,0.7501041395006194,1.007261978997744,1.4800149761328756,-1.6074478651174644,-1.6074478651174644
ENSG00000134684,1.1345675726175855,0.5215906957268328,1.7195300733387415,0.4341278544764928,-1.243944050636145,-2.565872145523507
ENSG00000134986,0.4066192454990829,-0.9153088493882793,-0.330346348667123,-0.9153088493882793,1.6696536513328772,0.08469115061172072
ENSG00000136160,0.8383324567163069,-1.7466300440048497,0.060724878052754505,-0.7466300440048497,1.3408327972454903,0.25336995599515033
ENSG00000138166,-0.37146978174931333,0.21349271897184297,0.9504583131380488,0.9504583131380488,-0.37146978174931333,-1.3714697817493133
ENSG00000140105,1.4724409361545336,0.7619475533495188,1.7287806894143194,0.10987085676982522,-1.3755559704004163,-2.6974840652877785
ENSG00000141582,0.5876781352779312,-0.41232186472206855,1.9096062301652938,0.32464372944413733,-0.41232186472206855,-1.9972843654432249
ENSG00000141682,0.6346593199653565,0.8273043979077523,1.149232492795115,0.14923249279511452,-0.5877331013710914,-2.1726956020922477
ENSG00000142166,0.5449650785920312,0.8079994844258251,-0.19200051557417463,-0.7769630162953309,-0.19200051557417463,-0.19200051557417463
ENSG00000142627,0.5634702973234886,0.8265047031572825,0.5634702973234886,0.5634702973234886,-0.7584577975638735,-1.7584577975638735
ENSG00000143333,-0.15114843260141986,1.1707796622859423,0.43381406811973644,0.8488515673985801,-1.1511484326014199,-1.1511484326014199
ENSG00000144485,-0.6797683057827282,-0.6797683057827282,0.5832661000510662,0.32023169421727227,0.4577352179672074,-0.0016964006700903589
ENSG00000144674,0.7172793983885235,-0.06032818027502884,1.0392074932758857,0.4542449925547296,-0.28272060161147694,-1.867683102332633
ENSG00000145604,1.0283208335737186,-0.5566416671474375,-0.5566416671474375,-1.5566416671474375,1.6132833342948751,0.02832083357371884
ENSG00000145675,0.004999123382972925,-0.5799633773381832,-0.5799633773381832,0.22739154471942102,1.5074994639121568,-0.5799633773381832
ENSG00000148841,0.2358395832131407,0.2358395832131407,0.2358395832131407,0.820802083934297,-0.7641604167868593,-0.7641604167868593
ENSG00000149212,-0.6264399395040963,-1.04147743878294,0.8329916791332015,0.1809149825535079,0.6954881553832664,-0.04147743878294019
ENSG00000149428,0.9085417644665492,0.7898972679679304,1.2753240951381724,0.7050083703814174,-1.339385748977036,-2.339385748977036
ENSG00000151012,1.2049032813717362,1.2049032813717362,-0.602451640685868,-0.602451640685868,-0.602451640685868,-0.602451640685868
ENSG00000151014,0.16965365133287724,1.169653651332877,0.9066192454990831,0.584691150611721,-1.415308849388279,-1.415308849388279
ENSG00000154265,0.3208020839342969,-1.2641604167868594,-0.2641604167868594,-0.2641604167868594,1.7358395832131406,-0.2641604167868594
ENSG00000155090,0.2554158468045036,0.2554158468045036,1.4778082681409515,0.6704533460833473,-1.3295466539166527,-1.3295466539166527
ENSG00000156510,0.9874687506009636,1.4025062498798073,-0.5974937501201927,-0.5974937501201927,-0.5974937501201927,-0.5974937501201927
ENSG00000156639,0.4159082890450039,-0.04352332959229388,1.043939511658046,0.27840476529506875,-0.2361684075346897,-1.4585608288711376
ENSG00000157542,0.5,-0.5,-0.5,-0.5,0.5,0.5
ENSG00000158373,1.8485338862176697,-0.9702257991121845,-1.818222705667134,-1.970225799112184,2.217401204063588,0.6927392136102455
ENSG00000158406,1.2828399744586028,-1.1321975248202407,-1.3952319306540346,-1.3952319306540346,1.897549818573812,0.7422715930959001
ENSG00000159840,0.9830229632815075,0.8574920811976479,0.48552330381069053,0.48552330381069053,-0.7945846153820453,-2.016977036718493
ENSG00000160584,0.6579220966843107,0.0729595959631546,0.8803145180207588,0.6579220966843107,-0.3420779033156891,-1.9270404040368454
ENSG00000161011,0.8350602637577893,1.192612268375873,1.3586222198148024,0.35862221981480236,-1.5799772355210546,-2.1649397362422107
ENSG00000162231,0.41433797081746304,-0.07108885635277895,1.5138736443683776,-0.07108885635277895,-0.39301695124014113,-1.3930169512401411
ENSG00000162772,1.5841918559103858,1.1247602372730894,1.6272605778022724,-0.0007706448107698272,-1.8752397627269113,-2.4602022634480676
ENSG00000162804,-0.5974937501201927,0.4025062498798073,0.4025062498798073,0.9874687506009636,-0.5974937501201927,-0.5974937501201927
ENSG00000163618,2.0732859121657503,0.33632031799954376,0.33632031799954376,-0.24864218272161254,-1.2486421827216125,-1.2486421827216125
ENSG00000163807,0.7159093139210284,-0.8690531868001277,-0.28409068607897137,-0.28409068607897137,1.59037843183717,-0.8690531868001277
ENSG00000163946,0.45626109865012365,0.45626109865012365,-0.02916572852011834,-0.7661313226863242,0.23386867731367555,-0.3510938234074805
ENSG00000164463,0.08874918013783661,0.08874918013783661,1.3111416014742845,0.5037866794166803,-0.4962133205833197,-1.4962133205833197
ENSG00000167552,0.8240432063814049,-0.15479218362055303,-0.7538298695534316,-0.8640127873038548,0.8591470073373211,0.08944462675911513
ENSG00000168003,1.683045029409704,0.539454175780854,1.6050425174084308,-0.30184807820008697,-0.6388830654776587,-2.886810578921244
ENSG00000168298,2.177978010137031,-0.36556456320414377,-1.1392887073804676,-2.508522517046187,1.928882795261111,-0.09348501776734341
ENSG00000168386,1.0195762635913628,1.2419686849278109,0.4346137628702067,-0.5653862371297933,-0.5653862371297933,-1.5653862371297933
ENSG00000169710,1.195479272471836,-0.4674857402505932,0.26947985391561335,0.6479914771693429,0.4069833776655485,-2.0524482409717493
ENSG00000170961,1.3394624350480036,-0.4678924870096006,-0.4678924870096006,-1.4678924870096006,1.5321075129903994,-0.4678924870096006
ENSG00000171951,1.9694387279822672,-0.21276460323848223,1.131189797978879,0.5462272972577229,-1.1058493993219702,-2.328241820658418
ENSG00000172201,1.0657893115869714,-0.5862873849927217,-0.5862873849927217,-1.0717142121629637,1.2502138827243985,-0.07171421216296325
ENSG00000172216,0.9670475920632009,1.452474419233443,0.6451194971758387,-0.3548805028241613,-1.3548805028241613,-1.3548805028241613
ENSG00000172432,1.8091254953788907,1.0721599012126846,0.48719740049152804,-0.9278400987873157,-0.9278400987873157,-1.512802599508472
ENSG00000172893,0.05371339305983147,0.05371339305983147,0.7541531112009237,1.4460308158385922,-0.9462866069401685,-1.3613241062190122
ENSG00000173114,-0.04986800306454642,-0.4649055023433901,-0.04986800306454642,-0.4649055023433901,0.7574869189930578,0.27206009182281576
ENSG00000173846,0.1004807347864034,0.5155182340652471,1.515518234065247,0.8374463289526093,-1.484481765934753,-1.484481765934753
ENSG00000174695,0.8622072048206881,-0.030877591262799875,-0.253270012599248,-0.030877591262799875,-0.030877591262799875,-0.5163044184330419
ENSG00000175197,1.6624006940195533,1.0953601012956597,1.1984535942597634,0.04091231727328282,-1.3375993059804472,-2.6595274008678094
ENSG00000175866,0.5617738966533983,1.021205515290696,0.7316988980957109,0.5617738966533983,-1.4382261033466017,-1.4382261033466017
ENSG00000176697,0.138345833092948,0.138345833092948,0.7233083338141043,0.7233083338141043,-0.861654166907052,-0.861654166907052
ENSG00000177606,1.5993759378339067,0.6868387790842467,0.6868387790842467,-0.07869596727873063,-1.078695967278731,-1.815661561444937
ENSG00000177853,0.7358395832131406,-0.2641604167868594,-0.2641604167868594,-0.2641604167868594,0.3208020839342969,-0.2641604167868594
ENSG00000179094,0.1004807347864034,0.5155182340652471,0.5155182340652471,0.8374463289526093,-0.4844817659347529,-1.484481765934753
ENSG00000180573,0.7588572811905445,-0.15868055861748287,-0.7436430593386394,-1.3286055600597955,0.9933225348275672,0.47874936199780826
ENSG00000181222,0.181830895031164,-0.4031316056899925,1.4713375122261487,0.8192608156464551,-0.6661660115237864,-1.4031316056899923
ENSG00000181450,0.820802083934297,0.2358395832131407,0.2358395832131407,-0.7641604167868593,0.2358395832131407,-0.7641604167868593
ENSG00000181789,0.5554376421224627,0.5554376421224627,1.2473153467601312,0.02492292542368313,-0.8230739811312673,-1.5600395752974732
ENSG00000182199,0.8248637195541599,0.5618293137203656,1.4415350800026543,0.16590063738922645,-0.9121018746120462,-2.0820268760543588
ENSG00000183598,1.1101961833395757,-0.47476631738158037,-0.796694412268943,-2.474766317381581,1.8180154318462662,0.8180154318462654
ENSG00000183889,0.8759024827938935,1.527979179373587,0.3904756556236515,0.06854756073628931,-0.9314524392637107,-1.9314524392637107
ENSG00000184260,1.4727689447670755,-0.44609429250752,-1.2761692910652078,-1.8611317917863635,1.723830708934793,0.3867957216572222
ENSG00000184270,1.070191243412855,-1.5620769720866585,-0.8840050669740207,-1.2990425662528646,1.7009574337471363,0.973975928153552
ENSG00000184357,2.010917614046143,-1.2939369674822778,-1.1334722952890326,-3.381399808732618,2.753026511488309,1.04486494596948
ENSG00000184575,0.5138064953976205,0.5138064953976205,1.6393373774814797,0.2242998782026353,-0.9456251232396773,-1.9456251232396773
ENSG00000184678,0.9965433812713598,-0.5884191194497965,-0.5884191194497965,-1.1733816201709528,1.5270580979701394,-0.17338162017095282
ENSG00000185022,0.5037866794166808,1.0887491801378368,1.311141601474285,0.08874918013783706,-1.4962133205833192,-1.4962133205833192
ENSG00000185122,0.6342051479755182,0.4642801465332056,0.9237117651705034,0.4642801465332056,-0.9507573527456381,-1.5357198534667944
ENSG00000185130,1.816676983867087,-1.392776381761863,-1.392776381761863,-2.392776381761863,2.362111120401606,0.9995410410168977
ENSG00000186687,-0.028320833573718618,0.5566416671474377,-1.0283208335737186,-1.0283208335737186,0.9716791664262814,0.5566416671474377
ENSG00000187678,0.7513578172783877,0.07328591216574987,0.7513578172783877,0.9212828187207003,-1.2486421827216123,-1.2486421827216123
ENSG00000187837,1.9205752109282601,-0.5247352994643837,-1.1226368558930382,-2.2446273802716483,1.8277811152564007,0.14364320944440934
ENSG00000196365,0.7762220321234659,0.9282251255685159,1.3067367488222454,0.19125953140230934,-0.8087404685976904,-2.3937029693188467
ENSG00000196458,1.2358395832131408,0.2358395832131407,-0.7641604167868593,-0.7641604167868593,0.820802083934297,-0.7641604167868593
ENSG00000196747,1.4974948380500663,-1.1708836708587276,-0.5859211701375706,-2.170883670858727,1.9165791703916124,0.5136145034133435
ENSG00000196787,1.3204804421875749,-0.7949967752323617,-1.3799592759535177,-1.7949967752323615,1.7075035652968222,0.9419688189338449
ENSG00000196937,1.135575232443013,-0.22699484694169492,1.5506127317218579,0.28757832588806354,-0.7124216741119369,-2.034349768999299
ENSG00000197061,1.0589592556522884,-1.0051710817674273,-0.29467769896241247,-1.657247778347121,1.8391780477723785,0.058959255652288434
ENSG00000197102,0.7611276369071911,0.19284387733266595,1.289059192591969,0.2417534778136119,-0.14157516173789375,-2.3432090229075446
ENSG00000197153,1.6461041921251418,-0.6758239027622204,-1.0908614020410643,-2.675823902762221,1.8477380532947931,0.9486669621455732
ENSG00000197976,0.6541354172676302,0.06917291654647395,1.0691729165464738,0.06917291654647395,-0.930827083453526,-0.930827083453526
ENSG00000198576,0.5691729165464741,-0.43082708345352594,1.1541354172676301,0.5691729165464741,-0.43082708345352594,-1.430827083453526
ENSG00000199347,0.5176086106829647,-0.21386118100662976,-0.03919755319314078,-1.161896614505876,0.4978856820624298,0.3994610559602574
ENSG00000199827,1.493879540119834,-0.6215976773001017,-1.1070245044703437,-1.8439900986365498,1.1153679168661048,0.9633648234210543
ENSG00000200494,-0.1866358699139603,-0.8049569675815471,-0.09095252185865199,-0.297996978861665,0.8236324655398679,0.5569098726759574
ENSG00000203668,0.5566416671474377,-0.028320833573718618,-0.028320833573718618,-1.0283208335737186,0.5566416671474377,-0.028320833573718618
ENSG00000203811,0.9761222227335975,-0.9307683728749212,-0.9307683728749212,-1.345805872153765,1.4615490499038395,0.769671345266171
ENSG00000203814,1.6853270177803732,-1.5370654035560742,-1.5370654035560742,-1.1220279042772305,2.0478970971650816,0.462934596443926
ENSG00000203852,0.9761222227335975,-0.9307683728749212,-0.9307683728749212,-1.345805872153765,1.4615490499038395,0.769671345266171
ENSG00000204388,2.6769087640006126,0.5476257470556463,1.1325882477768028,-0.45237425294435374,-1.4523742529443537,-2.4523742529443537
ENSG00000206652,-0.34427307268906127,-2.254645719493867,0.9214184190458532,-0.05662746945261787,0.4573422195837207,1.2767856230059653
ENSG00000207513,-0.39765269750535737,-2.3080253443101633,0.8680387942295571,-0.11000709426891397,0.4039625947674246,1.543683747087453
ENSG00000224578,-1.7857075862776872,-0.7857075862776872,1.021647335779917,0.536220508609675,1.2142924137223128,-0.20074508555653092
ENSG00000230043,0.7514572167373217,-0.07431764438674104,-0.8683757438308879,-0.9927038788330886,0.9256823556132598,0.2582576947001307
ENSG00000235655,-1.3498639016798806,-2.3498639016798806,-0.02793580679251839,0.820061099762432,1.3505758164612116,1.5570266939286381
ENSG00000236876,1.7947061545660903,-0.6426991577412071,-1.227661658462364,-1.6426991577412076,1.1646557643163957,0.5536980550622959
ENSG00000244462,0.5887491801378368,0.0037866794166807605,0.0037866794166807605,-0.9962133205833192,0.8111416014742849,-0.41125081986216294
ENSG00000244879,0.7399525788324166,0.0029869846662107236,-0.5819755160549456,-0.5819755160549456,0.0029869846662107236,0.4180244839450544
ENSG00000245532,-0.13834583309294768,0.8616541669070521,-0.13834583309294768,0.8616541669070521,-0.723308333814104,-0.723308333814104
ENSG00000255302,0.9662394589205787,0.2072475584243736,-0.9082296589955625,-0.9082296589955625,0.9662394589205787,-0.323267158274406
ENSG00000260664,0.9066192454990831,0.16965365133287724,-0.41530884938827906,-1.415308849388279,1.169653651332877,-0.41530884938827906
ENSG00000265972,-0.20751874963942174,-0.20751874963942174,-0.792481250360578,-0.20751874963942174,1.207518749639422,0.20751874963942196
ENSG00000270882,1.392028957424988,-0.8209647659092099,-1.3735057889379885,-2.1104713831041946,1.8895286168958059,1.023384363630596
ENSG00000272196,1.5163360214563468,-0.529957630817588,-0.6959675822565172,-2.5940879682373033,1.4383335094550738,0.8653436503999945
ENSG00000272325,0.9054932345460178,-0.09450676545398196,-0.6794692661751383,-0.6794692661751383,0.6424588287122239,-0.09450676545398196
ENSG00000273542,1.3216609742155168,-0.33594682833740475,-0.6277129527145151,-2.1637658529547243,1.1725175349097086,0.6332471248814207
ENSG00000273768,-0.6570301433018155,-2.20249276204434,0.9735713764953804,-0.00447451200309068,0.5094951770332479,1.3809308638206268
ENSG00000273802,1.3786835314517893,-0.7681578568774823,-1.2535846840477243,-1.9905502782139302,1.8168046438436742,0.8168046438436742
ENSG00000273983,1.0479520632582413,-0.8589385323502774,-1.273976031629121,-1.273976031629121,1.3109864690920348,1.0479520632582413
ENSG00000274267,1.2228613672780861,-0.7536796598979247,-1.0640197805100762,-2.0074362521437084,1.5959047778923026,1.006369547381322
ENSG00000274290,1.144450923586826,-1.3149806950504712,-1.3149806950504712,-0.993052600163109,2.208581261006542,0.2699818056706853
ENSG00000274641,1.9957785888874175,-2.862202406240155,-0.4471649069613113,-2.125236812073949,2.4597256886472074,0.9790998477407866
ENSG00000274750,1.6086158915007127,-0.6644026029057026,-0.9274370087394965,-2.249365103626859,1.8380977376234808,0.3944910861478652
ENSG00000274997,1.5131661510152217,-1.6832310617882822,-0.9462654676220756,-2.683231061788282,2.5131661510152217,1.2863952891681993
ENSG00000275126,1.0453828878604603,-0.6915827063057463,-0.9546171121395401,-2.2765452070269023,2.2470167490301107,0.6303453885816164
ENSG00000275221,0.6259889226341975,0.08542054127149523,-0.20408607592348993,-2.3740110773658025,1.4333438446918012,0.4333438446918012
ENSG00000275342,-0.37146978174931333,0.21349271897184297,0.9504583131380488,0.9504583131380488,-0.37146978174931333,-1.3714697817493133
ENSG00000275379,0.8942450421272721,0.027511572990736255,-0.7380231733722411,-1.7380231733722415,1.3663134864424942,0.18797624518398148
ENSG00000275713,1.4399392024557751,-1.4669513931527436,-0.4669513931527436,-1.4669513931527436,1.6205114480975964,0.3404035289048606
ENSG00000275714,1.1748717632904837,-0.28455985534681405,-2.284559855346814,-2.284559855346814,1.9633676580967712,1.715440144653186
ENSG00000275832,1.0350944976566099,1.257486918993058,0.772060091822816,0.0350944976566101,-1.5498680030645462,-1.5498680030645462
ENSG00000276180,1.3020103307508046,-1.200490009778379,-1.200490009778379,-1.7854525104995354,1.9694349916639338,0.9149872076415568
ENSG00000276368,1.1455558209956789,-0.8019767591101861,-1.0243691804466342,-2.6093316811677902,1.9452571705098474,1.3448646292190856
ENSG00000276410,2.4195984002860347,-1.4383825948415372,-1.853420094120381,-2.438382594841537,2.2895378597216625,1.0210490237957601
ENSG00000276903,0.9966000256085801,-1.2050338355610704,-0.20503383556107035,-1.526961930448433,1.3799286651600857,0.560500910801907
ENSG00000276966,1.274312180454082,-0.7256878195459184,-0.7256878195459184,-1.9887222253797128,1.5222396938976672,0.6435459901198008
ENSG00000277075,1.4334137591990501,-0.9424531427991152,-0.8753389469405786,-2.334770565577876,1.8251007712005132,0.8940481249180046
ENSG00000277157,1.5290474026922025,-0.7319126749037324,-0.9460374802565807,-2.589893670031305,1.758834484199773,0.9799619382996427
ENSG00000277224,1.304962208122327,-1.395477510018765,-0.3954775100187651,-1.395477510018765,1.691985331231575,0.189484990702391
ENSG00000277775,1.29031609861386,-1.0831422969135849,-0.8421341974097896,-1.7352189934932785,1.3277908040325226,1.0423885851702739
ENSG00000278272,1.1923993522470342,-1.0639404010127511,-1.6489029017339076,-1.4265104803974595,1.7885024105733907,1.158452020323697
ENSG00000278463,1.5067703720454122,-0.6631546293969,-1.6631546293969004,-2.400120223563106,2.204741834595755,1.0149172757157374
ENSG00000278588,1.85508344718487,-1.392844066258716,-0.9334124476214183,-2.80788156553756,2.5019736970492277,0.7770809351835961
ENSG00000278637,1.4779314569908588,-1.1850335557315703,-2.18503355573157,-1.7699960564527264,2.1842002539341494,1.4779314569908588
ENSG00000278677,0.3671164571010541,-1.0479210421777903,-1.4104911215624987,-1.2178460436201028,1.8265480757383505,1.4825936745209898
ENSG00000278705,1.268978980594885,-0.6821114189241682,-0.5015391732823469,-2.2670739196453247,1.6008225443473307,0.5809229869096253
ENSG00000278828,0.7068878180371985,-0.7956125224919854,-0.3805750232131415,-1.3805750232131415,1.1429869328438715,0.7068878180371985
ENSG00000282988,1.8499601853773173,-0.5650773139015257,-0.8870054087888879,-2.8870054087888883,1.8318128386670587,0.6573151074349219
ENSG00000283958,-0.4478987115564985,-0.9624718843862565,0.048334870570325705,0.053708042669178724,1.0829080191177525,0.22541966358550347
ENSG00000284879,0.2358395832131407,0.820802083934297,0.2358395832131407,0.2358395832131407,-0.7641604167868593,-0.7641604167868593
